File155;items
1 Need;-
1 Evil;-
1 Root;-
1 Taste;-
1 Quality;-
2 Extreme Practices;-
2 Aspects of Contact;Resistance Impression Labeling Impression
2 Feelings;-
2 Types of Phenomena;-
2 Extreme Views of Practices;-
2 Extreme Views of Being;-
2 Types of  Nibbana;-
2 Qualities for Enligthement;-
2 Levels of Truths [Views];-
2 Sharings;-
2 Ways to Heaven;-
2 Aspects of Meditation;-
2 Factors for Rigth View;-
2 Guardians of the World;-
3 Feelings;Pleasant Painful Neutral
3 Forms of Suffering;-
3 Aquisitions;-
3 Investigations;-
3 Levels of Fabrication;-
3 Realms of Existence;-
3 Forms of Becoming;-
3 Characteristics of Existence;-
3 Requirement for Contact;-
3 Qualities of Fabrications;-
3 Dangers or Infatuations;-
3 Types of Craving;-
3 Root Defilements;-
3 Sectarian Views;-
3 Conceits;-
3 Effluants;-
3 Properties of Dhamma;-
3-Ple Gem;-
3 Super Knowledge;-
3 Types of Miracles;-
3 Miracles;-
3 Liberations;-
3-Fold Training;-
3 Standpoints;-
3 Searches;-
3 Skillful Thinking;-
3 Dhamma Propreties;-
3 Pillars;-
3 Escapes;-
3 Forms of Good Actions [Regarding  Precept];-
4 Heavenly Messanger;-
4 Nutriments;-
4 Noble Truths;Suffering Origin Cessation Path
4 Elements;Earth Water Fire Air
4 Floods;Sensual Desire Desire for Existence Wrong View Ignorance
4 Kinds of Clinging;-
4 Taints, Cankers, or Defilements;-
4 Fermentations;-
4 Perversion;-
4 Wrong Paths;-
4 Imponderables;-
4 Qualities of a Stream-Entrer;Unshakable confidence in the Buddha Unshakable confidence in the Dhamma Unshakable confidence in the Sangha Moral conduct dear to the Noble Ones
4 Realisations;-
4 Kammas;-
4 Foundations of Mindfulness;-
4 Right Exertions;-
4 Means to Accomplishment;-
4 Guardian Meditations;-
4 Postures;-
4 Sublime Abidings;-
4 Jhanas;-
4 Progress;-
4 Determinations;-
4 Kinds of Right Speech;-
4 Types of Questions;-
4 Factors for Stream Entry;Association with Superior People Hearing the Dhamma Careful Attention Practice in Accordance with the Dhamma
5 Constituants of Name;-
5 Levels of Cause and Effect;-
5 Cords of Sensuality;-
5 Types of Feeling;-
5 Recollections;-
5 Aggregates;Form Feelings Perceptions Formations Consciouness
5 Hindrances;-
5 Grave Deeds [Leading to Rebirth in a Hell];-
5  Sexual Misconduct;-
5 Types of Wrong Livelihood;-
5 Precepts;-
5 Substitutes for the Five Hindrances;-
5 Spiritual Faculties;-
5  Strengths;-
5 Jhanic Factors;-
5 Types of Right Speech;-
6 Properties;-
6 Senses;-
6 Classes of Consciousness;-
6 Classes of Craving;-
6 Gradual Teachings;-
6 Types of Buddhists;-
6 Qualities of the Dhamma;-
6 Directions;-
6 Recollections;-
7 Bases;-
7 Stations of Consciousness;-
7 Seven Latent Tendencies;-
7 Factors of Enlightenment;-
7 Directions;-
7 Qualities of a Good Friend;-
7 Essential Qualities [Saddhamma];-
7 Kinds of Purity;-
7 Goals for Developing the Path;-
7 Good Qualities of a Dhamma Follower;-
8 Aspects of Feeling;-
8 Worldy Winds;-
8 Nutriments for Ignorance;-
8 Mental States;-
8 Qualities of Dhamma;-
8 Deliverances;-
8-Fold Noble Path;Right Understanding Right Intention Right Speech Right Action Right Livelihood Right Effort Right Mindfulness Right Concentration
8 Qualities of the True Dhamma;-
9 Qualities of Buddha;-
9 Qualities of Sangha;-
9 Decompositions;-
9 Abodes;-
9 Nutriment of Knowledge and Liberation;-
9 Checks;-
9 Limbs;-
10 Thorns;-
10 Kasina;-
10 Armies of Mara;Sensual Desire Discontent Hunger & Thirst Craving Sloth & Torpor Fear Doubt Conceit Fame Ego
10 Questions to Be Set Aside;-
10 Wrong Course of Action;-
10 Qualities of an Arahant;-
10 Benefits of Mindfulness of the Body;-
10 Recollections;-
10 Perceptions;-
10 Paramitas;-
10 Meditations;-
10 Right Course of Action;-
11 Obstructions;-
11 Super Normal [Psychic] Powers;-
11 Benefits to Practicing Metta;-
11 Things for Energy to Grow;-
11 Things for Joy to Grow;-
12 Links of Dependant Origination;-
12 Links of Transcendant Dependant Origination;-
16 Kinds of Views;-
16 Steps of Breath Meditation;-
31 Planes of Existence;-
32 Parts of the Body;-
32 Signs [Or Marks] of a Great Man;-
33 Synonyms for Nibbana;-
37 Steps to Enlightenment;-
38 Blessings;-
40 Meditations;-
62 Kinds of Wrong View;-
100 Titles and Descriptions for Buddha;-